{"cameraMode":{"drawMode":0,"name":"Shaded","section":"Shading Mode"},"sceneLighting":false,"audioPlay":false,"sceneViewState":{"showFog":false,"showMaterialUpdate":false,"showSkybox":true,"showFlares":true,"showImageEffects":true,"showParticleSystems":true},"in2DMode":false,"pivot":{"x":605.9962158203125,"y":716.1622314453125,"z":-17.873422622680665},"rotation":{"x":-0.000007490298685297603,"y":0.9999567866325378,"z":0.009289559908211232,"w":0.0005405338015407324},"size":1963.1707763671875,"orthographic":false}