{"cameraMode":{"drawMode":0,"name":"Shaded","section":"Shading Mode"},"sceneLighting":false,"audioPlay":false,"sceneViewState":{"showFog":false,"showMaterialUpdate":false,"showSkybox":true,"showFlares":true,"showImageEffects":true,"showParticleSystems":true},"in2DMode":false,"pivot":{"x":-3.809598922729492,"y":3.4854631423950197,"z":-4.288963794708252},"rotation":{"x":-0.21424071490764619,"y":0.3433941900730133,"z":-0.08076754212379456,"w":-0.9108556509017944},"size":3.004993200302124,"orthographic":false}