{"cameraMode":{"drawMode":0,"name":"Shaded","section":"Shading Mode"},"sceneLighting":true,"audioPlay":false,"sceneViewState":{"showFog":false,"showMaterialUpdate":false,"showSkybox":true,"showFlares":true,"showImageEffects":true,"showParticleSystems":true},"in2DMode":false,"pivot":{"x":-6.640163421630859,"y":3.7947213649749758,"z":96.75910949707031},"rotation":{"x":0.031184744089841844,"y":0.008093437179923058,"z":0.0002528053882997483,"w":-0.9994808435440064},"size":713.7508544921875,"orthographic":false}