{"cameraMode":{"drawMode":0,"name":"Shaded","section":"Shading Mode"},"sceneLighting":false,"audioPlay":false,"sceneViewState":{"showFog":false,"showMaterialUpdate":false,"showSkybox":true,"showFlares":true,"showImageEffects":true,"showParticleSystems":true},"in2DMode":false,"pivot":{"x":437.5960388183594,"y":246.7838897705078,"z":-6.192939758300781},"rotation":{"x":0.03450116887688637,"y":0.003979893866926432,"z":-0.00013317792036104947,"w":0.999396800994873},"size":2084.379638671875,"orthographic":false}